City_ID,City,Country,Lat,Lng,Date,Max Temp,Humidity,Cloudiness,Wind Speed
0,Kapaa,US,22.08,-159.32,1596406323,84.2,66,40,12.75
1,Upernavik,GL,72.79,-56.15,1596406323,44.08,69,93,6.62
2,Albany,US,42.6,-73.97,1596406324,87.01,65,47,9.8
3,Punta Arenas,CL,-53.15,-70.92,1596406043,39.2,80,24,6.93
4,Naze,JP,28.37,129.48,1596406216,82.4,78,40,9.17
5,Barrow,US,71.29,-156.79,1596406201,41,75,90,11.41
6,Mar del Plata,AR,-38,-57.56,1596406151,53.6,71,97,8.05
7,Ayan,RU,56.45,138.17,1596406325,57.85,74,0,2.13
8,Puerto Ayora,EC,-0.74,-90.35,1596406325,75.2,73,75,18.34
9,New Norfolk,AU,-42.78,147.06,1596406325,46,80,80,1.01
10,Port Lincoln,AU,-34.73,135.87,1596406326,51.98,76,100,10.04
11,Bikin,RU,46.82,134.26,1596406326,69.82,96,100,2.17
12,Cape Town,ZA,-33.93,18.42,1596406326,60.01,87,0,12.75
13,Ushuaia,AR,-54.8,-68.3,1596406326,41,86,24,10.29
14,Jimbolia,RO,45.79,20.72,1596406327,62.6,77,50,6.93
15,Port Elizabeth,ZA,-33.92,25.57,1596406327,64.4,52,0,8.05
16,Ust-Kuyga,RU,70.02,135.6,1596406324,49.48,77,62,4.94
17,Bud,US,39.45,-86.18,1596406327,78.8,61,75,9.22
18,Kyra,RU,49.58,111.98,1596406328,56.91,89,98,6.76
19,Provideniya,RU,64.38,-173.3,1596406328,51.8,62,100,6.71
20,George Town,MY,5.41,100.34,1596406328,82.4,78,20,5.82
21,Guarujá,BR,-23.99,-46.26,1596406329,72,79,9,1.01
22,Muros,ES,42.78,-9.06,1596406329,64,77,100,1.01
23,Pisco,PE,-13.7,-76.22,1596406329,66.2,68,5,6.93
24,Namatanai,PG,-3.67,152.43,1596406329,81.84,79,24,7.45
25,Saint George,US,37.1,-113.58,1596406330,107.01,10,1,13.87
26,Vanimo,PG,-2.67,141.3,1596406330,78.98,83,100,2.82
27,Fairbanks,US,64.84,-147.72,1596406120,71.6,68,1,8.05
28,Butaritari,KI,3.07,172.79,1596406331,82.63,75,7,16.17
29,Atuona,PF,-9.8,-139.03,1596406331,78.66,78,13,17.69
30,Quattro Castella,IT,44.63,10.47,1596406331,82,76,78,1.05
31,Tuktoyaktuk,CA,69.45,-133.04,1596406331,46.4,93,90,16.11
32,Karratha,AU,-20.74,116.85,1596406332,66.31,78,76,5.35
33,St. Pete Beach,US,27.73,-82.74,1596406332,91,1,56,1.99
34,Hong Kong,HK,22.29,114.16,1596406082,79,88,100,8.99
35,Kharp,RU,66.8,65.81,1596406333,58.68,86,100,7.47
36,Berlin,DE,52.52,13.41,1596406047,70,77,100,4.7
37,Panabá,MX,21.28,-88.27,1596406333,88.41,62,57,12.95
38,Avarua,CK,-21.21,-159.78,1596406333,71.6,64,0,4.7
39,Tilichiki,RU,60.47,166.1,1596406334,56.41,69,91,0.74
40,Ulaangom,MN,49.98,92.07,1596406334,55.42,61,92,3.98
41,Yellowknife,CA,62.46,-114.35,1596406334,82,54,75,17.22
42,Lázaro Cárdenas,MX,17.96,-102.2,1596406147,87.17,69,0,11.36
43,Rikitea,PF,-23.12,-134.97,1596406335,72.91,79,76,13.27
44,Gazli,UZ,40.13,63.45,1596406335,78.37,24,0,7.96
45,Hay River,CA,60.82,-115.8,1596406336,89.6,49,40,10.29
46,Bredasdorp,ZA,-34.53,20.04,1596406336,44.6,93,0,2.24
47,Sur,OM,22.57,59.53,1596406336,83.32,72,0,11.03
48,Haines Junction,CA,60.75,-137.51,1596406336,64.54,46,100,11.21
49,Ugoofaaru,MV,5.67,73,1596406337,82.38,80,100,17.31
50,Touros,BR,-5.2,-35.46,1596406337,77,83,40,8.05
51,Linjiang,CN,41.81,126.91,1596406337,68.79,89,95,2.26
52,Carnarvon,AU,-24.87,113.63,1596406132,51.8,93,14,8.05
53,Hilo,US,19.73,-155.09,1596406338,82.4,58,90,6.93
54,Cutervo,PE,-6.38,-78.82,1596406338,60.26,70,8,8.39
55,Cidreira,BR,-30.18,-50.21,1596406338,62.19,71,100,7.34
56,Castro,BR,-24.79,-50.01,1596406339,54.64,71,0,3.76
57,Jamestown,US,42.1,-79.24,1596406339,72,83,90,17.22
58,Katsuura,JP,35.13,140.3,1596406339,77,89,8,4.92
59,East London,ZA,-33.02,27.91,1596406339,75.27,19,0,11.74
60,Stamford,US,41.05,-73.54,1596406340,84.99,74,40,14.99
61,Sakakah,SA,29.97,40.21,1596406340,89.6,13,0,5.82
62,Moree,AU,-29.47,149.85,1596406340,41,80,0,9.17
63,Mamlyutka,KZ,54.94,68.54,1596406340,70.21,67,0,5.01
64,Lovozero,RU,68,35.01,1596406341,47.97,90,99,4.07
65,Severo-Kuril'sk,RU,50.68,156.12,1596406341,53.51,90,100,9.55
66,Port Hedland,AU,-20.32,118.57,1596406341,55.4,100,90,10
67,Mahébourg,MU,-20.41,57.7,1596406342,69.8,68,75,12.75
68,Saskylakh,RU,71.92,114.08,1596406324,63.88,73,65,3.49
69,Saint Paul Harbor,US,57.79,-152.41,1596406342,59,77,90,6.93
70,Ylivieska,FI,64.08,24.55,1596406342,60.01,94,34,3.38
71,Avon Park,US,27.6,-81.51,1596406227,84.99,74,75,13.87
72,Qasigiannguit,GL,68.82,-51.19,1596406343,46.4,70,4,4.7
73,Hobart,AU,-42.88,147.33,1596406133,46.4,65,75,8.05
74,Kuala Terengganu,MY,5.33,103.14,1596406343,75.2,100,40,9.17
75,Saint-Philippe,RE,-21.36,55.77,1596406343,68,60,90,10.29
76,Iset',RU,56.98,60.37,1596406344,62.6,82,99,2.24
77,Nioro,GM,13.35,-15.75,1596406344,76.64,92,80,6.89
78,Hermanus,ZA,-34.42,19.23,1596406344,59.63,70,0,5.99
79,Ponta do Sol,PT,32.67,-17.1,1596406345,71.6,68,20,17.22
80,Magole,TZ,-6.37,37.37,1596406345,71.6,68,40,3.31
81,Busselton,AU,-33.65,115.33,1596406345,43,98,20,4.29
82,Cabo San Lucas,MX,22.89,-109.91,1596406134,89.6,49,20,6.93
83,Baykit,RU,61.67,96.37,1596406346,58.87,85,90,2.95
84,Kilcock,IE,53.4,-6.67,1596406346,53.01,93,40,4.7
85,Vaini,TO,-21.2,-175.2,1596406346,77,78,75,13.87
86,Serra,BR,-20.13,-40.31,1596406275,73.99,68,20,9.17
87,Palu,ID,-0.89,119.87,1596406347,75.56,80,100,3.22
88,Saint-Augustin,CA,51.23,-58.65,1596406149,69.57,67,0,15.41
89,Longyearbyen,SJ,78.22,15.64,1596406347,46.4,93,40,2.24
90,Mataura,NZ,-46.19,168.86,1596406347,48.96,93,35,1.81
91,Ribeira Grande,PT,38.52,-28.7,1596406348,72.05,82,3,11.16
92,Yinchuan,CN,38.47,106.27,1596406348,76.96,20,78,9.95
93,Walvis Bay,NA,-22.96,14.51,1596406348,73.4,16,0,11.41
94,Meulaboh,ID,4.14,96.13,1596406349,76.57,84,100,3.74
95,San Blas,MX,21.52,-105.27,1596406349,86,51,75,8.05
96,Sangar,RU,63.92,127.47,1596406349,59.32,62,0,3.44
97,Raja,SS,8.46,25.68,1596406349,70.16,94,100,1.88
98,Vao,NC,-22.67,167.48,1596406350,67.17,70,2,15.55
99,San Cristobal,VE,7.77,-72.22,1596406350,91.4,41,20,29.97
100,Tigbao,PH,12.55,123.34,1596406350,80.47,80,100,6.38
101,Esperance,AU,-33.87,121.9,1596406351,48.2,93,69,12.75
102,Lavrentiya,RU,65.58,-171,1596406326,47.79,68,77,9.66
103,Winchester,GB,51.07,-1.32,1596406351,60.01,72,100,8.05
104,Faanui,PF,-16.48,-151.75,1596406351,78.46,79,100,10.67
105,Airai,TL,-8.93,125.41,1596406352,52,92,55,2.59
106,Sitka,US,57.05,-135.33,1596406210,57.2,87,90,3.36
107,Bathsheba,BB,13.22,-59.52,1596406352,86,70,40,12.75
108,Tasiilaq,GL,65.61,-37.64,1596406352,48.2,66,9,12.75
109,Adrar,MR,20.5,-10.07,1596406353,101.73,9,0,4.81
110,Nouadhibou,MR,20.93,-17.03,1596406353,73.4,83,0,20.8
111,Chokurdakh,RU,70.63,147.92,1596406353,49.73,63,100,3.56
112,Kruisfontein,ZA,-34,24.73,1596406354,57.69,40,0,3.4
113,Constitución,CL,-35.33,-72.42,1596406354,55.09,90,1,6.51
114,Bluff,NZ,-46.6,168.33,1596406354,47.21,92,68,6.38
115,Omsukchan,RU,62.53,155.8,1596406354,56.93,53,16,7.05
116,Tsévié,TG,6.43,1.21,1596406355,75.2,88,20,11.41
117,Quatre Cocos,MU,-20.21,57.76,1596406355,69.8,68,75,12.75
118,Port Alfred,ZA,-33.59,26.89,1596406355,72.5,22,0,13.51
119,La Romana,DO,18.43,-68.97,1596406355,84.2,70,40,16.11
120,Porosozero,RU,62.72,32.73,1596406356,49.78,91,83,2.73
121,Zhuhai,CN,22.28,113.57,1596406356,78.8,94,40,3.36
122,Dikson,RU,73.51,80.55,1596406356,52.5,81,63,8.95
123,Abhā,SA,18.22,42.51,1596406357,68,77,20,5.82
124,Mandalgovi,MN,45.76,106.27,1596406357,55.56,78,61,18.43
125,Karlskrona,SE,56.16,15.59,1596406357,57.2,100,100,1.12
126,Bariloche,AR,-41.15,-71.31,1596406357,50,53,94,8.05
127,Celestún,MX,20.87,-90.4,1596406358,85.75,69,5,16.55
128,Tuyen Quang,VN,21.82,105.22,1596406121,77.4,94,100,2.35
129,Leshan,CN,29.56,103.76,1596406358,74.73,93,91,0.94
130,Shimoda,JP,34.67,138.95,1596406358,77,79,2,1.01
131,Vila Velha,BR,-20.33,-40.29,1596406358,73.99,68,20,9.17
132,Vostok,RU,46.49,135.88,1596406359,67.44,97,100,3.38
133,Yeppoon,AU,-23.13,150.73,1596406359,64.4,63,90,8.05
134,Hithadhoo,MV,-0.6,73.08,1596406359,82.85,77,64,10.89
135,Porto-Novo,BJ,6.5,2.6,1596406360,77,83,20,12.75
136,Podyuga,RU,61.09,40.86,1596406360,46.87,94,93,1.1
137,Hastings,GB,50.86,0.57,1596406360,63,85,100,1.99
138,Çayeli,TR,41.09,40.73,1596406360,69.71,70,98,3.74
139,Matamoros,MX,25.53,-103.25,1596406360,93.2,21,75,11.41
140,Ambon City,ID,-3.7,128.18,1596406361,77.59,84,74,9.66
141,Vardø,NO,70.37,31.11,1596406361,50,81,75,10.29
142,Chynadiyovo,UA,48.48,22.82,1596406361,62.01,81,91,4
143,Ilulissat,GL,69.22,-51.1,1596406362,46.4,70,0,4.7
144,Dwārka,IN,22.24,68.97,1596406362,85.73,79,99,7.63
145,Bogotol,RU,56.21,89.53,1596406362,53.83,84,87,3.94
146,Philadelphia,US,39.95,-75.16,1596406220,93,52,75,16.11
147,Bilibino,RU,68.05,166.44,1596406362,50.77,60,93,0.83
148,Eureka,US,40.8,-124.16,1596406095,70,77,1,14.99
149,Vallenar,CL,-28.57,-70.76,1596406363,73.49,29,5,3.22
150,Southbridge,US,42.08,-72.03,1596406364,75.99,98,100,3
151,Nantucket,US,41.28,-70.1,1596406364,73.4,83,90,12.75
152,Çerkezköy,TR,41.28,28,1596406364,75,82,0,10.29
153,Hearst,CA,49.68,-83.67,1596406364,64.65,48,93,11.16
154,La Maddalena,IT,41.21,9.41,1596406365,82.4,61,0,14.99
155,Daru,PG,-9.08,143.21,1596406203,75.63,86,92,14.5
156,Granada,ES,37.19,-3.61,1596406365,84.2,14,0,8.05
157,Hasaki,JP,35.73,140.83,1596406366,73.4,88,20,2.24
158,Lagoa,PT,39.05,-27.98,1596406366,71.67,82,0,13.53
159,Madang,PG,-5.22,145.8,1596406366,78.42,88,23,2.84
160,Cocorit,MX,27.58,-109.97,1596406366,96.8,39,75,5.82
161,Dhidhdhoo,MV,6.88,73.1,1596406366,82.78,78,100,18.88
162,Allāpalli,IN,19.42,80.07,1596406367,77.92,92,100,3.76
163,Eirunepé,BR,-6.66,-69.87,1596406367,84.79,50,43,1.05
164,Tuatapere,NZ,-46.13,167.68,1596406367,47.12,81,77,3.47
165,Barcelona,ES,41.39,2.16,1596406276,81,78,75,9.17
166,Kirakira,SB,-10.45,161.92,1596406368,82.85,74,23,5.75
167,Sivaki,RU,52.63,126.75,1596406368,55.26,84,98,9.93
168,Khatanga,RU,71.97,102.5,1596406368,63.27,71,50,5.97
169,Bethel,US,41.37,-73.41,1596406368,82.99,78,75,9.17
170,Waddān,LY,29.16,16.14,1596406369,84.07,24,0,12.26
171,Chumikan,RU,54.72,135.31,1596406369,53.1,88,100,5.59
172,Nicoya,CR,10.15,-85.45,1596406369,86,74,40,11.41
173,Coyhaique,CL,-45.58,-72.07,1596406370,42.8,81,90,1.9
174,Mporokoso,ZM,-9.37,30.12,1596406370,58.23,48,0,8.03
175,Alugan,PH,12.22,125.48,1596406370,82.29,80,100,6.17
176,Tsybli,UA,49.99,31.56,1596406370,51.8,93,2,4.65
177,Talnakh,RU,69.49,88.4,1596406370,55.4,87,95,8.95
178,Åmot,NO,59.57,7.99,1596406371,51.01,92,38,4.9
179,Nikolskoye,RU,59.7,30.79,1596406371,59,87,90,3.51
180,Port Augusta,AU,-32.5,137.77,1596406371,48.2,100,90,5.82
181,Hanting,CN,36.77,119.21,1596406372,77.9,88,24,8.19
182,Buin,CL,-33.73,-70.75,1596406372,68,28,11,3.36
183,Arraial do Cabo,BR,-22.97,-42.03,1596406372,68,64,2,3.36
184,Kefamenanu,ID,-9.45,124.48,1596406372,62.92,92,49,3.13
185,Ancud,CL,-41.87,-73.82,1596406373,53.01,87,90,14.99
186,Asău,RO,46.43,26.4,1596406373,52,93,0,1.95
187,Gobabis,NA,-22.45,18.97,1596406373,50,34,0,1.12
188,Cherskiy,RU,68.75,161.3,1596406373,51.6,68,78,1.16
189,Rincon,US,32.3,-81.24,1596406374,91.4,59,75,14.99
190,Paracuru,BR,-3.41,-39.03,1596406374,79,78,3,15.01
191,Coquimbo,CL,-29.95,-71.34,1596406374,59,72,3,10.29
192,Port Hardy,CA,50.7,-127.42,1596406374,57.2,100,90,4.7
193,Mumford,GH,5.26,-0.76,1596406375,73.74,86,65,12.68
194,Codrington,AU,-38.27,141.97,1596406375,46.92,78,36,11.14
195,Santa Marinella,IT,42.03,11.85,1596406375,72,88,0,8.88
196,Hokitika,NZ,-42.72,170.97,1596406195,50.77,91,100,4.68
197,Ternate,ID,0.8,127.4,1596406376,78.58,85,100,9.91
198,Junction City,US,39.03,-96.83,1596406376,81,51,20,8.05
199,Jilib,SO,0.49,42.79,1596406376,73.45,83,19,8.99
200,Jiujiang,CN,29.73,115.98,1596406376,82.54,74,12,2.91
201,Tiksi,RU,71.69,128.87,1596406377,44.91,84,100,5.3
202,Solnechnyy,RU,50.72,136.63,1596406377,54.03,86,100,7.67
203,Torbay,CA,47.67,-52.73,1596406377,62.6,82,75,11.41
204,Zyryanka,RU,65.75,150.85,1596406377,61.83,52,5,7.7
205,Chapais,CA,49.78,-74.85,1596406113,66.2,93,75,2.24
206,Fort Dodge,US,42.5,-94.17,1596406378,75.2,47,20,8.05
207,Sisimiut,GL,66.94,-53.67,1596406378,51.15,68,14,7.7
208,Sehore,IN,23.2,77.08,1596406378,79.88,80,94,5.95
209,São Filipe,CV,14.9,-24.5,1596406379,78.42,87,71,7
210,Kollam,IN,8.88,76.6,1596406379,80.6,88,90,8.7
211,Fomboni,KM,-12.28,43.74,1596406379,77.49,72,0,13.91
212,Grand Forks,US,47.93,-97.03,1596406379,75.2,38,40,10.29
213,Olinda,BR,-8.01,-34.86,1596406380,78.8,69,75,14.99
214,Thompson,CA,55.74,-97.86,1596406380,77,38,20,5.82
215,Norman Wells,CA,65.28,-126.83,1596406380,75.2,64,20,5.82
216,Pevek,RU,69.7,170.31,1596406380,37.11,93,100,3.13
217,Faya,SA,18.39,42.45,1596406380,68,77,20,5.82
218,Shetpe,KZ,44.17,52.12,1596406381,78.03,39,0,6.38
219,Niğde,TR,37.83,34.75,1596406381,60.94,59,2,3.94
220,Clyde River,CA,70.47,-68.59,1596406381,53.6,76,90,9.17
221,Los Llanos de Aridane,ES,28.66,-17.92,1596406382,73.4,83,15,13.87
222,Saint-François,FR,46.42,3.91,1596406382,68,64,76,4.7
223,Ketchikan,US,55.34,-131.65,1596406382,62.6,88,90,11.41
224,Qaryat Sulūq,LY,31.67,20.25,1596406382,75.34,90,0,7.56
225,Pilar,BR,-9.6,-35.96,1596406383,73.4,88,40,8.05
226,Mount Isa,AU,-20.73,139.5,1596406383,46.4,65,0,1.12
227,Dryden,CA,49.78,-92.75,1596406383,66.2,52,20,12.75
228,Nanortalik,GL,60.14,-45.24,1596406383,47.12,92,65,11.9
229,Coahuayana Viejo,MX,18.73,-103.68,1596406384,86,70,75,11.41
230,Moryakovskiy Zaton,RU,56.7,84.65,1596406384,57.99,100,0,2.24
231,Rupert,US,42.62,-113.68,1596406384,93.2,24,1,3.36
232,Qaanaaq,GL,77.48,-69.36,1596406384,38.44,87,100,9.44
233,Kholtoson,RU,50.3,103.31,1596406384,52.48,75,100,2.33
234,Bābra,IN,21.85,71.3,1596406385,81.88,85,78,5.61
235,City of San Pedro,PH,14.35,121.02,1596406385,79,94,99,1.12
236,Hutchinson,US,38.06,-97.93,1596406342,81,39,1,14.99
237,Dalvik,IS,65.97,-18.53,1596406386,50,93,90,5.82
238,Upata,VE,8.01,-62.4,1596406386,82,79,86,3
239,Aras,ES,42.56,-2.36,1596406386,66.2,63,100,9.17
240,Leningradskiy,RU,69.38,178.42,1596406387,40.23,85,99,9.8
241,Takanosu,JP,40.22,140.37,1596406387,74.52,82,46,1.39
242,Voh,NC,-20.97,164.7,1596406387,70.11,56,5,3.53
243,Zhuangyuan,CN,37.3,120.83,1596406387,80.01,94,35,1.01
244,Calama,CL,-22.47,-68.93,1596406388,75.2,3,0,19.46
245,Chifeng,CN,42.27,118.96,1596406388,71.1,50,1,7.99
246,Eydhafushi,MV,5.1,73.07,1596406388,82.62,79,100,16.17
247,Boguchany,RU,58.38,97.45,1596406388,59.27,81,87,2.77
248,Nagua,DO,19.38,-69.85,1596406389,86,74,40,4.7
249,Tabou,CI,4.42,-7.35,1596406389,73.49,76,100,6.29
250,Kushiro,JP,42.98,144.37,1596406389,67.26,92,14,7.85
251,Bengkulu,ID,-3.8,102.27,1596406389,74.61,92,43,3.38
252,Indore,IN,22.72,75.83,1596406252,78.3,86,100,7.25
253,Hirara,JP,24.8,125.28,1596406390,78.8,88,75,35.57
254,Lajas,PR,18.05,-67.06,1596406390,84.99,70,79,3
255,Montecristi,EC,-1.05,-80.67,1596406390,82.4,65,75,8.05
256,Yumen,CN,40.28,97.2,1596406391,64.24,27,12,10.94
257,Lorengau,PG,-2.02,147.27,1596406391,82.89,78,96,12.33
258,Øksfjord,NO,70.24,22.35,1596406391,53.01,81,13,9.17
259,Sudak,UA,44.85,34.97,1596406391,68.49,56,1,5.48
260,Lensk,RU,60.73,114.93,1596406392,58.91,74,0,4.03
261,Klaksvík,FO,62.23,-6.59,1596406392,50,100,99,13.87
262,Suicheng,CN,33.9,117.93,1596406392,78.75,93,85,6.53
263,Amparafaravola,MG,-17.58,48.22,1596406392,57.67,69,80,12.95
264,Moroni,KM,-11.7,43.26,1596406393,74.77,69,3,8.19
265,Coronado,US,32.69,-117.18,1596406393,78.8,77,75,8.05
266,Atambua,ID,-9.11,124.89,1596406393,65.19,86,40,4.79
267,North Bend,US,43.41,-124.22,1596406393,81,68,1,9.17
268,Sola,VU,-13.88,167.55,1596406393,80.6,83,75,6.93
269,Inírida,CO,3.87,-67.92,1596406394,79.97,91,24,1.3
270,Vestmannaeyjar,IS,63.44,-20.27,1596406394,51.66,85,75,21.12
271,Grand Gaube,MU,-20.01,57.66,1596406394,66,78,41,3
272,Morón,AR,-34.65,-58.62,1596406394,66.99,86,67,3
273,Arrondissement de Thiers,FR,45.83,3.5,1596406395,68,64,89,2.24
274,Zlobin,HR,45.29,14.65,1596406395,82.4,51,20,6.93
275,Bandarbeyla,SO,9.49,50.81,1596406395,78.31,70,0,29.97
276,Iqaluit,CA,63.75,-68.51,1596406395,51.8,81,75,3.36
277,Chui,UY,-33.7,-53.46,1596406396,59.54,90,99,3.62
278,San Jose,US,37.34,-121.89,1596406140,86,37,5,10.29
279,Bosaso,SO,11.28,49.18,1596406396,91.83,38,54,24.32
280,Port Blair,IN,11.67,92.75,1596406396,82.11,80,100,25.95
281,Gouré,NE,13.98,10.27,1596406396,79.74,68,8,13.82
282,Muravlenko,RU,63.79,74.52,1596406397,61.34,70,1,11.27
283,Tahe,CN,52.33,124.73,1596406397,54.36,95,100,6.58
284,Kendari,ID,-3.94,122.5,1596406397,72.61,92,85,2.59
285,Crema,IT,45.36,9.67,1596406397,75,93,93,5.99
286,Berlevåg,NO,70.86,29.09,1596406398,48.2,100,75,16.11
287,Ko Samui,TH,9.54,99.94,1596406131,83.68,77,100,28.95
288,Uribia,CO,11.71,-72.27,1596406398,92.86,48,23,9.04
289,Praia,CV,14.92,-23.51,1596406398,82.4,78,75,11.41
290,Léo,BF,11.1,-2.1,1596406398,73.89,84,92,7.96
291,Vuktyl,RU,63.86,57.31,1596406399,58.46,89,91,10.65
292,Lavumisa,SZ,-27.31,31.89,1596406399,56.8,91,0,4.9
293,San Patricio,MX,19.22,-104.7,1596406399,91.4,70,20,11.41
294,Merritt Island,US,28.54,-80.67,1596406400,84.2,74,40,13.87
295,Republic,US,37.12,-93.48,1596406400,84.2,51,40,9.17
296,Otane,NZ,-39.88,176.63,1596406400,45,95,62,3.36
297,Mareeba,AU,-17,145.43,1596406400,66.99,96,28,3.09
298,Winnemucca,US,40.97,-117.74,1596406400,98.6,5,1,6.93
299,Mushie,CD,-3.02,16.9,1596406401,82.63,44,41,2.46
300,Green River,US,41.53,-109.47,1596406401,91.4,10,1,13.87
301,Tonj,SS,7.27,28.68,1596406401,71.24,96,100,2.71
302,Joigny,FR,47.98,3.4,1596406401,61,59,59,6.02
303,Jalu,LY,29.03,21.55,1596406402,82.54,46,0,9.71
304,Ahipara,NZ,-35.17,173.17,1596406402,59.7,74,35,9.66
305,Władysławowo,PL,54.79,18.4,1596406402,69.01,77,98,4.7
306,Bermejo,AR,-32.88,-68.8,1596406402,59.49,33,0,7.31
307,Oudtshoorn,ZA,-33.59,22.2,1596406403,53.6,66,0,4.7
308,Kaitangata,NZ,-46.28,169.85,1596406403,50,83,100,1.99
309,Bubaque,GW,11.28,-15.83,1596406403,80.98,84,99,11.63
310,Ambovombe,MG,-25.17,46.08,1596406404,63.3,73,0,18.45
311,Coruripe,BR,-10.13,-36.18,1596406404,72.77,83,15,9.8
312,Otjimbingwe,NA,-22.35,16.13,1596406404,58.3,32,0,6.55
313,Acaraú,BR,-2.89,-40.12,1596406136,78.42,80,10,13.53
314,Buala,SB,-8.14,159.59,1596406405,83.07,74,26,6.69
315,Kasamwa,TZ,-2.85,32.43,1596406405,61.59,48,0,5.61
316,Bata,GQ,1.86,9.77,1596406405,80.6,83,40,10.29
317,Ghanzi,BW,-21.57,21.78,1596406405,52.32,42,0,6.06
318,Kuril'sk,RU,45.23,147.88,1596406406,64.26,81,7,6.51
319,Alofi,NU,-19.06,-169.92,1596406406,78.8,69,81,9.17
320,Hurricane,US,37.18,-113.29,1596406369,107.01,11,0,4
321,Mosquera,CO,4.71,-74.23,1596406406,66.2,39,75,9.17
322,Russell,US,32.35,-85.2,1596406406,95,36,1,4.7
323,Pajapan,MX,18.25,-94.7,1596406407,87.8,66,40,11.41
324,Bambous Virieux,MU,-20.34,57.76,1596406407,69.8,68,75,14.99
325,Isangel,VU,-19.55,169.27,1596406407,70.92,63,5,11.74
326,Tanabe,JP,33.73,135.37,1596406407,82,84,75,3.18
327,Hambantota,LK,6.12,81.12,1596406408,77,100,20,11.41
328,Ballina,AU,-28.87,153.57,1596406408,54,100,20,5.55
329,Malicboy,PH,13.98,121.79,1596406408,77.2,85,100,2.15
330,São Félix do Xingu,BR,-6.64,-51.99,1596406409,79.32,45,48,0.25
331,Caravelas,BR,-17.71,-39.25,1596406409,70.81,68,11,10.83
332,Conceição do Araguaia,BR,-8.26,-49.26,1596406409,83.3,38,0,3.98
333,Fortuna,US,40.6,-124.16,1596406299,70,80,11,3
334,Raychikhinsk,RU,49.78,129.41,1596406409,67.37,91,98,13.13
335,Kavieng,PG,-2.57,150.8,1596406410,83.07,76,16,6.93
336,Tanout,NE,14.97,8.89,1596406410,85.75,55,27,9.44
337,Madimba,TZ,-10.4,40.33,1596406410,71.6,94,20,11.41
338,Geraldton,AU,-28.77,114.6,1596406410,55.4,82,40,17.22
339,Puerto Colombia,CO,10.99,-74.95,1596406411,91.4,66,40,13.87
340,St. George's,GD,12.06,-61.75,1596406411,86,79,40,16.11
341,Keti Bandar,PK,24.14,67.45,1596406411,85.86,79,92,15.03
342,Windsor,CA,42.3,-83.02,1596406411,73,83,90,14.99
343,Belvedere Marittimo,IT,39.62,15.86,1596406412,80.01,58,0,2.1
344,Hobyo,SO,5.35,48.53,1596406412,78.89,72,87,21.88
345,Monze,ZM,-16.28,27.48,1596406412,51.98,56,0,4.25
346,Burnie,AU,-41.07,145.92,1596406413,45,76,98,10
347,Rodrigues Alves,BR,-7.74,-72.65,1596406413,85.71,47,8,0.47
348,Baruun-Urt,MN,46.68,113.28,1596406413,57.16,83,58,9.04
349,Thinadhoo,MV,0.53,72.93,1596406350,82.67,77,98,11.5
350,Marsabit,KE,2.33,37.99,1596406414,62.58,73,63,23.26
351,Teya,RU,60.38,92.63,1596406414,53.28,75,0,0.65
352,Gazojak,TM,41.19,61.4,1596406414,80.55,23,0,6.51
353,Krasnyy Yar,RU,46.53,48.35,1596406414,71.6,60,40,7.67
354,Sobolevo,RU,54.43,31.9,1596406415,50.72,85,42,1.5
355,Avera,US,33.19,-82.53,1596406415,93.2,46,1,8.41
356,Padang,ID,-0.95,100.35,1596406415,76.53,78,66,5.06
357,Uglegorsk,RU,49.08,142.03,1596406415,60.58,92,100,11.07
358,Salaga,GH,8.55,-0.52,1596406416,74.48,83,89,2.62
359,Wawa,NG,9.9,4.42,1596406416,75.2,89,100,4.99
360,Lebu,CL,-37.62,-73.65,1596406416,52.29,92,68,6.71
361,Warmbad,NA,-28.45,18.73,1596406417,65.41,24,0,9.28
362,Vostochnyy,RU,55.82,37.87,1596406417,57.2,82,0,6.71
363,Makokou,GA,0.57,12.86,1596406417,72.3,80,91,5.19
364,Zabul Province,AF,32.25,67.25,1596406417,66.45,23,0,8.55
365,Caboolture,AU,-27.08,152.95,1596406265,55.99,98,70,2.8
366,Birjand,IR,32.87,59.22,1596406418,71.6,21,0,4.7
367,Tamiahua,MX,21.27,-97.45,1596406418,86.58,67,20,11.03
368,Cambridge,CA,43.36,-80.31,1596406396,73.99,88,90,18.34
369,Sal Rei,CV,16.18,-22.92,1596406419,82.4,74,20,11.41
370,Pimentel,PE,-6.84,-79.93,1596406419,66.2,72,20,18.34
371,Glens Falls,US,43.31,-73.64,1596406010,84.99,62,40,16.11
372,Kahramanmaraş Province,TR,38,37,1596406420,80.6,65,0,20.8
373,Poum,NC,-20.23,164.02,1596406420,69.08,62,4,6.71
374,Horqueta,PY,-23.34,-57.06,1596406420,77.74,40,0,5.08
375,Nova Ushytsya,UA,48.84,27.27,1596406420,55.99,77,20,1.3
376,Maniago,IT,46.17,12.71,1596406421,73.99,79,87,5.84
377,Tancanhuitz,MX,21.6,-98.97,1596406421,89.01,54,13,3.94
378,Maputo,MZ,-25.97,32.59,1596406421,59,93,0,2.24
379,Soma,TR,39.19,27.61,1596406422,77,56,0,8.05
380,Naliya,IN,23.27,68.83,1596406422,86.02,75,91,10.56
381,Pecos,US,31.42,-103.49,1596406422,100.4,15,40,4.7
382,Cabo Rojo,PR,18.09,-67.15,1596406267,84.99,77,80,3
383,Aswān,EG,24.09,32.91,1596406220,96.89,15,42,10.13
384,Richards Bay,ZA,-28.78,32.04,1596406423,64.67,73,0,15.68
385,Flinders,AU,-34.58,150.86,1596406423,53.01,87,76,1.01
386,Guerrero Negro,MX,27.98,-114.06,1596406423,84.92,47,46,17.22
387,Bujumbura,BI,-3.38,29.36,1596406424,72.75,45,10,3.06
388,Lata,PT,40.16,-8.33,1596406424,64.99,89,71,8.99
389,Altoona,US,40.52,-78.39,1596406364,84.99,55,35,1.99
390,Sikonge,TZ,-5.63,32.77,1596406424,68,49,1,23.04
391,Honningsvåg,NO,70.98,25.97,1596406424,50,87,75,9.17
392,Balancán,MX,17.8,-91.53,1596406425,93.2,59,40,3.76
393,Bagdarin,RU,54.43,113.6,1596406325,56.05,90,93,2.51
394,Maricá,BR,-22.92,-42.82,1596406425,69.8,73,20,12.75
395,Gayéri,BF,12.65,0.49,1596406425,81.05,68,93,11.16
396,Grand-Santi,GF,4.25,-54.38,1596406426,75.34,94,78,1.54
397,Kumul,CN,42.8,93.45,1596406426,77.99,17,85,1.81
398,Nome,US,64.5,-165.41,1596406426,64,72,1,12.75
399,Northam,GB,51.03,-4.22,1596406426,60.01,84,95,7
400,Trairi,BR,-3.28,-39.27,1596406427,78.55,79,3,10.29
401,Ormara,PK,25.21,64.64,1596406427,84.16,84,12,9.22
402,Viedma,AR,-40.81,-63,1596406413,46.99,65,14,5.59
403,Kitimat,CA,54.05,-128.65,1596406387,61,94,100,1.99
404,Anyang,CN,36.1,114.33,1596406428,86,72,98,5.17
405,Presidente Médici,BR,-11.18,-61.9,1596406428,84.33,26,0,3.51
406,Vilcún,CL,-38.65,-72.23,1596406428,60.01,82,53,5.82
407,Noumea,NC,-22.28,166.46,1596406255,70,82,90,3.36
408,Jacareacanga,BR,-6.22,-57.75,1596406429,81.25,38,5,0.69
409,Pinheiro,BR,-2.52,-45.08,1596406429,76.01,87,59,3.94
410,Muli,MV,2.92,73.57,1596406429,82.15,79,93,12.15
411,Tommot,RU,58.96,126.29,1596406429,56.48,75,100,4.72
412,Sibut,CF,5.72,19.07,1596406430,70.57,95,100,4.41
413,Broken Hill,AU,-31.95,141.43,1596406430,44.6,48,100,8.05
414,Montague,US,42.54,-72.54,1596406430,79,90,100,1.01
415,Rechka Vydrino,RU,51.48,104.85,1596406430,55.85,87,100,6.85
416,Kungur,RU,57.44,56.96,1596406431,55.26,93,99,6.69
417,Pacajus,BR,-4.17,-38.46,1596406431,80.6,74,30,10.29
418,Yhú,PY,-25.05,-55.92,1596406431,68.77,58,0,5.79
419,Ken Caryl,US,39.58,-105.12,1596406151,81,38,75,1.01
420,Lesnoy,RU,57.62,63.08,1596406432,62.82,95,84,2.82
421,Khāsh,IR,28.22,61.22,1596406432,75.04,29,4,2.73
422,The Valley,AI,18.22,-63.06,1596406175,87.8,74,20,10.29
423,Koutsouras,GR,35.03,25.95,1596406432,82.99,40,0,13
424,Verkhniy Tagil,RU,57.37,59.96,1596406432,59.61,92,100,4.74
425,Bongaree,AU,-27.08,153.16,1596406433,55.99,95,90,1.01
426,Pangoa,PE,-12.12,-73,1596406433,78.93,56,14,2.39
427,Warrnambool,AU,-38.38,142.48,1596406433,46.04,83,19,13.94
428,Oriximiná,BR,-1.77,-55.87,1596406433,84.81,47,69,4.09
429,Lompoc,US,34.64,-120.46,1596406434,69.8,68,0,14.99
430,Lüderitz,NA,-26.65,15.16,1596406434,69.8,28,0,8.05
431,Charyshskoye,RU,51.4,83.56,1596406434,54.95,82,14,6.08
432,Christchurch,NZ,-43.53,172.63,1596406207,52,93,100,5.82
433,Mirwah,YE,13.92,43.92,1596406435,74.35,59,100,2.15
434,La Ronge,CA,55.1,-105.28,1596406435,80.6,39,20,12.75
435,Iowa City,US,41.66,-91.53,1596406435,80.6,51,20,10.29
436,Saldanha,ZA,-33.01,17.94,1596406435,48.2,81,0,1.12
437,Stulovo,RU,58.72,50.14,1596406436,48.52,98,75,5.35
438,Nelidovo,RU,56.22,32.78,1596406436,50.11,91,0,3.18
439,Malé,MV,4.17,73.51,1596406321,82.09,80,100,14.45
440,Orbetello,IT,42.44,11.22,1596406436,77,78,0,4.7
441,Kiryat Gat,IL,31.61,34.76,1596406143,79,61,0,1.99
442,Spruce Grove,CA,53.53,-113.92,1596406437,84.99,51,1,11.41
443,Batagay-Alyta,RU,67.8,130.41,1596406437,54.99,60,98,2.59
444,Shira,RU,54.49,89.95,1596406437,55.99,94,99,3.02
445,Sistranda,NO,63.73,8.83,1596406438,57.2,93,75,10.29
446,Māndal,IN,25.45,74.57,1596406438,80.33,77,81,7.67
447,Aasiaat,GL,68.71,-52.87,1596406438,41.58,84,2,4.68
448,Omboué,GA,-1.57,9.26,1596406438,73.27,73,70,6.49
449,Puntarenas,CR,9.98,-84.84,1596406439,77,78,40,5.82
450,Islamkot,PK,24.7,70.18,1596406439,87.84,65,4,13.09
451,Husavik,IS,66.04,-17.34,1596406439,50,93,90,5.82
452,Goundam,ML,16.41,-3.67,1596406439,94.93,36,19,9.55
453,São José da Coroa Grande,BR,-8.9,-35.15,1596406440,74.41,78,56,11.68
454,Nioki,CD,-2.72,17.68,1596406440,82.6,43,17,3.06
455,Vila Franca do Campo,PT,37.72,-25.43,1596406440,71.6,73,20,6.93
456,Dekar,BW,-21.53,21.93,1596406441,53.1,41,0,5.79
457,Invermere,CA,50.52,-116.04,1596406441,88,33,13,4
458,Hailey,US,43.52,-114.32,1596406441,91.4,18,5,11.41
459,Hamilton,US,39.18,-84.53,1596406158,81,57,40,8.05
460,Uvira,CD,-3.41,29.15,1596406441,73.04,48,11,1.77
461,Hanyang,CN,32.14,105.51,1596406442,70.61,96,1,1.19
462,High Level,CA,58.52,-117.14,1596406442,84.2,58,20,5.82
463,Malbork,PL,54.04,19.03,1596406183,68,100,94,7.7
464,Tarko-Sale,RU,64.92,77.78,1596406443,60.3,68,53,9.95
465,Ruska Poliana,UA,49.42,31.92,1596406443,57.36,87,0,3.69
466,Latung,PH,5.5,120.88,1596406444,82,74,41,2.01
467,Xingyi,CN,24.19,102.82,1596406444,62.31,98,96,4.12
468,Marawi,PH,8,124.29,1596406444,77,86,96,5.99
469,Richmond,US,37.55,-77.46,1596406420,87.8,58,75,4.7
470,Tricase,IT,39.93,18.36,1596406445,77,88,5,3.36
471,Souillac,MU,-20.52,57.52,1596406445,69.8,68,75,14.99
472,College,US,64.86,-147.8,1596406445,71.6,56,40,6.93
473,Palauig,PH,15.44,119.9,1596406446,81.25,76,100,7.56
474,Rawson,AR,-43.3,-65.1,1596406378,52.68,43,0,9.28
475,Imeni Morozova,RU,59.98,31.04,1596406446,57.99,99,100,5.95
476,Pavlikeni,BG,43.24,25.32,1596406446,72,82,0,3.36
477,São João da Barra,BR,-21.64,-41.05,1596406447,69.8,68,3,5.82
478,Itapuranga,BR,-15.56,-49.95,1596406447,72.7,38,0,5.91
479,Road Town,VG,18.42,-64.62,1596406448,84.2,74,40,6.93
480,Calabozo,VE,8.92,-67.43,1596406448,79.93,91,73,2.24
481,Camacha,PT,33.08,-16.33,1596406448,69.8,73,40,11.41
482,Havøysund,NO,71,24.66,1596406448,48.2,87,47,10.29
483,Tuckahoe,US,37.59,-77.56,1596406448,87.8,78,1,3.36
484,Khasan,RU,42.43,130.64,1596406449,68.68,98,100,7.56
485,Pangody,RU,65.85,74.49,1596406403,60.15,71,24,10.4
486,Canapi,BR,-9.12,-37.6,1596406449,68.41,82,21,9.55
487,Vicuña,CL,-30.03,-70.71,1596406450,59,72,16,10.29
488,Shōbara,JP,34.85,133.02,1596406450,78.8,83,89,4.7
489,Pangnirtung,CA,66.15,-65.71,1596406450,55.65,54,36,4.27
490,Manjacaze,MZ,-24.71,33.88,1596406450,56.32,91,0,3.65
491,Atikokan,CA,48.76,-91.62,1596406451,69.06,39,88,7.2
492,Urengoy,RU,65.97,78.37,1596406451,57.2,76,71,7.29
493,Rio Grande,BR,-32.03,-52.1,1596406451,62.96,88,98,6.24
494,Chengde,CN,40.97,117.94,1596406394,68.11,84,0,1.74
495,Treznea,RO,47.1,23.12,1596406452,60.8,87,79,2.24
496,Tezu,IN,27.92,96.17,1596406452,79.2,73,15,2.28
497,Mana,GF,5.66,-53.78,1596406452,79.2,84,90,7.74
498,Kuliyapitiya,LK,7.47,80.04,1596406453,77,100,20,2.24
499,Kapoeta,SS,4.77,33.59,1596406453,75.74,66,26,3.42
500,Tingo María,PE,-9.29,-76.01,1596406453,80.64,59,32,2.19
501,Tombouctou,ML,20,-3,1596406453,102.27,21,0,9.28
502,Fort Nelson,CA,58.81,-122.7,1596406453,78.8,36,40,5.82
503,Caohai,CN,26.87,104.28,1596406454,60.13,95,92,1.86
504,Havelock,US,34.88,-76.9,1596406454,87.01,79,0,11.01
505,Kuusamo,FI,65.97,29.18,1596406454,51.8,87,90,4.7
506,Arlit,NE,18.74,7.39,1596406454,89.49,44,76,9.37
507,Port-Gentil,GA,-0.72,8.78,1596406455,77,78,75,10.94
508,Carutapera,BR,-1.2,-46.02,1596406455,76.44,91,37,6.87
509,Orizona,BR,-17.03,-48.3,1596406455,66.99,49,0,5.64
510,Darhan,MN,49.49,105.92,1596406455,57.49,89,100,3.67
511,Waingapu,ID,-9.66,120.26,1596406456,69.39,83,6,7.49
512,Meridian,US,43.61,-116.39,1596406192,99,18,1,6.93
513,Chul'man,RU,56.85,124.91,1596406456,56.3,92,100,1.97
514,Magaria,NE,13,8.91,1596406456,78.58,77,34,9.66
515,Izhevskoye,RU,54.56,40.87,1596406457,52.41,92,68,4.34
516,Queanbeyan,AU,-35.35,149.23,1596406457,37,100,90,1.32
517,Liverpool,GB,53.41,-2.98,1596406178,60.8,77,20,13.87
518,Biała Podlaska,PL,52.03,23.12,1596406457,60.66,75,77,6.82
519,Nadadores,MX,27.05,-101.6,1596406457,99,34,75,16.98
520,Dabat,ET,12.98,37.77,1596406458,52.72,94,81,4.5
521,Khovd,MN,48.01,91.64,1596406458,53.67,70,97,2.82
522,Sibolga,ID,1.74,98.78,1596406458,76.24,82,98,2.98
523,Khandyga,RU,62.67,135.6,1596406325,63.82,48,30,2.33
524,Imbituba,BR,-28.24,-48.67,1596406459,69.8,64,62,8.05
525,Marzuq,YE,14.4,46.47,1596406459,81.9,54,13,6.08
526,Normal,US,40.51,-88.99,1596406459,82,61,20,13.87
527,Labuhan,ID,-6.88,112.21,1596406460,72.59,87,43,6.87
528,Nhulunbuy,AU,-12.23,136.77,1596406460,71.6,88,75,8.05
529,Macusani,PE,-14.08,-70.43,1596406460,48.7,46,5,5.53
530,Comodoro Rivadavia,AR,-45.87,-67.5,1596406392,53.6,46,57,9.17
531,Winslow,US,35.02,-110.7,1596406461,100.4,10,1,12.75
532,Biltine,TD,14.53,20.92,1596406461,74.03,85,100,17.85
533,Tabuk,PH,17.42,121.44,1596406461,74.97,84,99,1.7
534,Dingle,PH,11,122.67,1596406462,76.55,84,100,2.8
535,Inhambane,MZ,-23.86,35.38,1596406462,67.23,71,100,7.92
536,Kasempa,ZM,-13.46,25.83,1596406462,54.21,46,9,7.23
537,Poddor'ye,RU,57.47,31.12,1596406463,52.79,86,49,5.21
538,Garissa,KE,-0.45,39.64,1596406463,73.27,72,13,17.69
539,Magán,ES,39.97,-3.93,1596406463,86,29,71,14
540,Rizómata,GR,40.35,22.2,1596406464,75.99,72,0,1.16
541,Luanda,AO,-8.84,13.23,1596406242,71.6,83,27,4.7
542,Jiazi,CN,22.88,116.07,1596406464,79.3,89,100,4.23
543,Camopi,GF,3.17,-52.32,1596406464,75.11,96,90,2.48
544,Ţaga,RO,46.95,24.05,1596406464,59,87,48,2.24
545,Japura,ID,-0.32,102.35,1596406465,73.96,92,43,2.55
546,Hirado,JP,33.36,129.55,1596406465,81,88,75,8.05
547,Kahului,US,20.89,-156.47,1596406419,87.8,52,40,23.04
548,Hualmay,PE,-11.1,-77.61,1596406465,64.08,73,18,10.2
549,Punta de Piedra,VE,7.62,-71.49,1596406466,80.83,88,59,2.55
550,Iwaki,JP,37.05,140.88,1596406466,77,88,20,3.36
551,Sonoita,MX,31.85,-112.83,1596406466,104,28,0,12.86
